id;adresse_ip;date_connect;date_deconnect
1;Administrateur holistic engine;2022-12-23T08:26:36;2022-12-23T08:52:48
2;a Corse;2022-12-23T05:23:21;2022-12-23T14:35:11
3;compress Licensed;2022-12-23T08:41:22;2022-12-23T17:56:01
4;Rubber De-engineered;2022-12-23T00:25:59;2022-12-23T10:41:13
5;online Chips panel;2022-12-23T09:34:12;2022-12-22T22:52:28
6;Plastic Handmade;2022-12-22T23:54:45;2022-12-23T04:07:06
7;Honduras payment;2022-12-23T08:27:14;2022-12-23T12:24:51
8;Cayman Awesome e-enable;2022-12-23T01:16:07;2022-12-23T10:51:27
9;optimize;2022-12-23T16:39:35;2022-12-23T01:54:32
10;Moli√®re;2022-12-23T14:48:54;2022-12-23T09:25:36
